시설명,주소,전화번호,위도,경도,구
 강남동태찜, 도봉구 도봉로 564 (창동), 02-900-8040,37.65505,127.03915,도봉구
 그 고기집, 도봉구 삼양로146길 6 (쌍문동), 02-992-8479,37.65225,127.01301,도봉구
 금강산감자탕, 도봉구 도봉로 669, 02-3491-5401,37.66419,127.04226,도봉구
 놀부부대찌개, 도봉구 마들로 650 도봉월드 208호, 02-955-5644,37.66799,127.04705,도봉구
 대문한정식, 도봉구 시루봉로 139-6, 02-956-0843 ,37.66366,127.02753,도봉구
 도봉산 갈비, 도봉구 도봉로 915 (도봉동), 02-955-1177,37.68599,127.04568,도봉구
 도봉산 박대감, 도봉동 도봉로 919 지상12층, 02-955-8668,37.68008,127.04471,도봉구
 도쿄감자탕, 도봉구 마들로 650 도봉월드 210호, 02-6229-9797,37.66799,127.04705,도봉구
 독도아구찜, 도봉구 도봉로152길 23-6 (도봉동), 02-956-3305,37.6697,127.04532,도봉구
 뚱가부대찌개, 도봉구 도봉로 869 (도봉동), 02-3492-8822,37.68198,127.04539,도봉구
 뚱보칡냉면, 도봉구 도봉로110길 51 23층, 02-990-8063,37.66877,127.04707,도봉구
 명품한우 천둥소리, 도봉구 시루봉로 135, 02-3492-6677,37.6629,127.02737,도봉구
 설담재, 도봉구 도봉로 562 (창동), 02-998-0202,37.65477,127.03906,도봉구
 순두부마을, 도봉구 마들로 650, 02-956-7887,37.66799,127.04705,도봉구
 양촌리, 도봉구 방학로 102 (방학동), 02-954-7852,37.66306,127.04113,도봉구
 원조의정부 부대찌개, 도봉구 해등로 156 (쌍문동), 02-999-4466,37.65696,127.03906,도봉구
 유성집, 도봉구 도봉로180나길 56, 02-955-0550,37.6837518,127.0506689,도봉구
 장어가, 도봉동 도봉로 911, 02-956-1171,37.68008,127.04471,도봉구
 착한전복, 도봉구 노해로65길 7-20, 02-903-4455,37.65181,127.04505,도봉구
 채랑샤브샤브, 도봉구 도봉로 465 (쌍문동), 02-900-4001,37.64741,127.03357,도봉구
 청어진 동태찜, 도봉구 도봉로150길 28, 02-955-1554,37.6658832,127.0447078,도봉구
 최고집칼국수, 도봉구 덕릉로 270 (창동), 02-995-5333,37.64112,127.04092,도봉구
 콩사랑두부, 도봉구 도봉산4길 10, 02-955-6016,37.68778,127.04244,도봉구
 태림산채정식, 도봉구 노해로60길 32 (쌍문동), 02-998-5468  02-998-3735,37.64994,127.03423,도봉구
 통나무집, 도봉구 마들로11길 61 (창동), 02-997-5325,37.65345,127.04988,도봉구
 통영자갈치곰장어, 도봉구 노해로69길 15 (세정빌딩), 02-999-2588,37.6529434,127.0506023,도봉구
 하누소, 도봉구 노해로 327 (창동), 02-900-9900,37.65146,127.04478,도봉구
 하루방유황오리, 도봉구 노해로63나길 8, 02-991-5292,37.65399,127.04479,도봉구
 한우돈, 도봉구 덕릉로 261, 02-904-2236,37.6408085,127.0398202,도봉구
 해주곰탕, 도봉구 마들로 659 (방학동), 02-954-8081,37.66908,127.04593,도봉구
(주)남원추어탕,서울특별시 광진구 동일로 114 (화양동),02-498-8649,37.5426714,127.0646503,광진구
(주)장군갈비,서울특별시 광진구 용마산로 11 (중곡2동),02-457-3241,37.5547181,127.08812,광진구
가마솥도가니탕 장수옥,서울특별시 광진구 용마산로 124 (중곡4동),02-444-6888,37.56468,127.0869436,광진구
거보주,서울특별시 광진구 아차산로51길 24 (구의1동),02-456-2266,37.5380016,127.0851621,광진구
건국갈비,서울특별시 광진구 광나루로22가길18(화양동),02-2201-0018,37.5456713,127.0759066,광진구
광장동 가온,"서울특별시 광진구 아차산로78길 75 (광장동, 현대골든텔 106호)",02-3436-7100,37.551573,127.1109741,광진구
남원율천추어탕,"서울특별시 광진구 아차산로73길 48, 지하1층(광장동)",02-549-3066,37.5466931,127.1024213,광진구
냉면전문점이대팔,"서울특별시 광진구 아차산로 238, 1층 (자양4동)",02-499-0458,37.539935,127.0695705,광진구
대가식당,서울특별시 광진구 광나루로 596 (구의3동),02-456-1944,37.5419929,127.0943562,광진구
대갈집,서울특별시 광진구 능동로 49 (자양4동),02-463-2702,37.5358089,127.0684009,광진구
은행나무집,서울특별시 광진구 아차산로69길 20 (광장동),02-457-7100,37.5429115,127.0985331,광진구
동해해물,서울특별시 광진구 동일로26길 16 (화양동),02-469-5843,37.5452127,127.0667517,광진구
망향비빔국수,"서울특별시 광진구 천호대로 694 (구의2동,(1층))",02-454-1357,37.5492754,127.0912249,광진구
부림정,서울특별시 광진구 뚝섬로 476-7 (자양4동),02-463-5455,37.5363506,127.0627208,광진구
산울,"서울특별시 광진구 아차산로73길 48, 2층 201호(광장동)",02-453-2277,37.5466931,127.1024213,광진구
소야지,서울특별시 광진구 능동로36길 24 (능동),02-446-7645,37.5558218,127.0804375,광진구
신선설농탕,서울특별시 광진구 자양로 139 (자양1동),02-454-7944,37.5402789,127.0828938,광진구
심마니유황오리,서울특별시 광진구 긴고랑로 85 (중곡2동),02-452-1610,37.5608602,127.0852777,광진구
영산강,서울특별시 광진구 자양로16길 24 (자양2동),02-452-2119,37.5363359,127.0852153,광진구
예담밥상,서울특별시 광진구 동일로22길 13 (화양동),02-469-0072,37.5424794,127.0652128,광진구
옹기생삼겹살,서울특별시 광진구 영화사로 97 (구의2동),02-447-3492,37.5545639,127.0968977,광진구
유일설렁탕,서울특별시 광진구 용마산로 154 (중곡4동),02-452-5860,37.5673562,127.0864933,광진구
중일가든,서울특별시 광진구 아차산로76가길 4 (광장동),02-447-4111,37.5474829,127.1074896,광진구
지담정,서울특별시 광진구 능동로37길 10-3 (중곡1동),02-2205-3777,37.5582095,127.0792729,광진구
찜집,서울특별시 광진구 자양번영로 44(자양1동),02-446-1149,37.5331659,127.0762135,광진구
채선당,서울특별시 광진구 용마산로 110 (중곡4동),02-452-5200,37.5633567,127.0872224,광진구
천년의섬 명품 광어,서울특별시 광진구 아차산로 438 (구의3동),02-457-9706,37.5382075,127.0912914,광진구
춘향골남원추어탕,서울특별시 광진구 아차산로 453-1 (구의3동),02-446-4005,37.5394861,127.0924708,광진구
한강옥,서울특별시 광진구 아차산로78길 147 (광장동),02-456-0091,37.5477372,127.1095417,광진구
함흥본가면옥,서울특별시 광진구 광나루로 456 (화양동),02-447-8806,37.545067,127.0797571,광진구
황금어장,서울특별시 광진구 광나루로 376 (화양동),02-467-4414,37.5476428,127.0715491,광진구
장원닭한마리,서울특별시 광진구 뚝섬로52길 8 (자양2동),02-446-9662,37.5316603,127.0792916,광진구
민벅,서울특별시 광진구 능동로13길 39(화양동),,37.5434818,127.0699485,광진구
주식회사 돕,서울특별시 광진구 아차산로31길 9(화양동),,37.5414436,127.0692519,광진구
홍천화로숯불구이,서울특별시 광진구 천호대로110길 27(능동),,37.5559236,127.0797402,광진구
숨비소리,서울특별시 광진구 화양동 112-16,02-466-5892,37.547004,127.072799,광진구
콩이랑두부랑,서울특별시 광진구 구의동 244-62,02-3425-3800,37.538368,127.090389,광진구
태평양수산회세꼬시,서울특별시 군자로 183,02-499-9192,37.557005,127.078257,광진구
한촌설렁탕군자점,서울특별시 광진구 군자동 242번지 1층,02-468-4200,37.552881,127.07686,광진구
무화잠 강남점,서울 강남구 강남대로 338,02-563-7878,37.493405,127.030437,강남구
배꼽집,서울 강남구 강남대로128길 22,02-539-3323,37.510086,127.024124,강남구
닭한마리감자탕,서울 강남구 강남대로152길 13,02-515-5220,37.51739,127.020511,강남구
마산옥,서울 강남구 강남대로152길 9,02-544-7207,37.517271,127.020241,강남구
새벽집 청담동점,서울 강남구 도산대로101길 6,02-546-5739,37.525565,127.052862,강남구
배러댄비프,서울 강남구 도산대로11길 5,02-3446-0400,37.517864,127.022281,강남구
영천영화,서울 강남구 도산대로90길 3,02-3442-0381,37.523962,127.049579,강남구
봉화전,서울 강남구 봉은사로 632,02-568-0919,37.514738,127.064526,강남구
옛골,서울 강남구 봉은사로24길 12,02-561-0591,37.505938,127.032605,강남구
대가,서울 강남구 봉은사로4길 24,02-567-2379,37.503275,127.026419,강남구
고운님,서울 강남구 삼성로81길 22,02-562-9292,37.504334,127.05589,강남구
청국장 서갈비,서울 강남구 선릉로 420,02-561-1019,37.502505,127.050281,강남구
토말,서울 강남구 선릉로121길 13,02-518-0292,37.513704,127.041214,강남구
현대정육식당,서울 강남구 선릉로146길 5,02-540-7205,37.521931,127.04017,강남구
옛날집,서울 강남구 선릉로148길 38,02-549-7888,37.522717,127.042649,강남구
청담골,서울 강남구 선릉로148길 48,02-543-1252,37.522759,127.043406,강남구
루비떡볶이,서울 강남구 선릉로153길 21,02-516-7147,37.52464,127.037647,강남구
농민백암순대,서울 강남구 선릉로86길 40-4,02-555-9603,37.503743,127.05298,강남구
대감왕족발,서울 강남구 압구정로 216,02-511-1998,37.5281,127.031029,강남구
투뿔등심(가로수길점),서울 강남구 압구정로12길 18,02-515-5712,37.522874,127.022227,강남구
한일관,서울 강남구 압구정로38길 14,1577-9963,37.527788,127.032504,강남구
백곰막걸리&양조장,서울 강남구 압구정로48길 39,02-540-7644,37.525951,127.037087,강남구
개화옥,서울 강남구 압구정로50길 7,02-549-1459,37.527748,127.038602,강남구
짱이네산곰장어,서울 강남구 언주로 605,02-514-3554,37.509392,127.037265,강남구
한성칼국수,서울 강남구 언주로 735,02-544-0540,37.520797,127.033748,강남구
자연석돌구이,서울 강남구 언주로148길 9,02-548-9494,37.520648,127.035345,강남구
왕자장어,서울 강남구 언주로164길 35-4,070-4418-2551,37.525578,127.036594,강남구
정육식당 대치점,서울 강남구 역삼로 450,02-557-0883,37.502239,127.056414,강남구
동경육개장,서울 강남구 테헤란로13길 8-3,02-566-9779,37.50047,127.03272,강남구
하동관,서울 강남구 테헤란로78길 16,02-565-0003,37.505068,127.05535,강남구
반룡산,서울 강남구 테헤란로78길 26,02-3446-8966,37.504468,127.055798,강남구
진미평양냉면,서울 강남구 학동로 305-3,02-515-3469,37.516157,127.036036,강남구
삼성원조양곱창,서울 강남구 학동로101길 7,02-545-8895,37.520936,127.05765,강남구
고모네원조콩탕북어탕,서울 강동구 풍성로57길 13,02-485-4675,37.529671,127.135935,강동구
제주도 아줌마네집,서울 강동구 풍성로58길 34,02-488-6268,37.527494,127.135168,강동구
고성막국수,서울 강서구 방화대로49길 6-7,02-2665-1205,37.577455,126.816137,강서구
남도포장마차,서울 관악구 청룡2길 3,02-871-9121,37.481229,126.94593,관악구
논밭골 왕갈비탕,서울 관악구 청룡길 30,02-875-6493,37.480517,126.94594,관악구
해밀손칼국수,서울 관악구 청림6길 20,02-878-7654,37.486699,126.959185,관악구
원조숯불소금구이,서울 광진구 광나루로12길 19,02-2205-0808,37.54674,127.0676,광진구
동해해물,서울 광진구 동일로26길 16,02-469-5843,37.545256,127.06677,광진구
쪼매매운떡볶이,서울 노원구 공릉로 208,02-977-1120,37.628283,127.077787,노원구
무수옥,서울 도봉구 도봉로165길 15,02-954-6292,37.677131,127.044228,도봉구
육전식당 1호점,서울 동대문구 난계로30길 16,02-2253-6373,37.574295,127.024306,동대문구
전국통일닭발,서울 동대문구 장한로6길 10,02-2246-4059,37.563538,127.066746,동대문구
광주식당,서울 동대문구 홍릉로1길 21-6,02-969-4403,37.580608,127.043674,동대문구
상도실내포장마차,서울 동작구 상도로 288,02-821-3825,37.501795,126.948457,동작구
삼국지,서울 마포구 동교로 233,02-322-8988,37.560936,126.924027,마포구
무삼면옥,서울 마포구 마포대로12길 50,,37.54673,126.954503,마포구
락희옥,서울 마포구 백범로 170,02-719-9797,37.544897,126.947954,마포구
굴다리식당,서울 마포구 새창로 8-1,02-712-0066,37.54212,126.95081,마포구
동무밥상,서울 마포구 양화진길 10,02-322-6632,37.548298,126.912587,마포구
육통령,서울 마포구 와우산로17길 25,010-5879-8592,37.550082,126.921444,마포구
당인식당,서울 마포구 와우산로3길 50,02-335-0255,37.545619,126.920207,마포구
참식당,서울 마포구 용강동 43-2,02-706-2432,37.540172,126.943562,마포구
순대일번지,서울 마포구 월드컵로 117,02-334-9210,37.558675,126.907456,마포구
퓨전 선술집,서울 마포구 월드컵로1길 7,02-335-4764,37.549468,126.912502,마포구
마산족발,서울 마포구 월드컵북로 41,02-337-1399,37.557944,126.918105,마포구
이치류,서울 마포구 잔다리로3안길 44,02-3144-1312,37.550656,126.919161,마포구
로칸다몽로,서울 마포구 잔다리로7길 18,02-3144-8767,37.553111,126.916693,마포구
원조조박집,서울 마포구 토정로37길 3,02-712-7462,37.539819,126.94437,마포구
시골야채된장,서울 서초구 강남대로69길 11,02-3482-7626,37.501427,127.024237,서초구
영동족발,서울 서초구 남부순환로358길 8,02-571-3939,37.484592,127.038002,서초구
소호정 본점,서울 서초구 논현로 27,02-579-7282,37.473262,127.048684,서초구
도우룸,서울 서초구 동광로 99,02-535-9386,37.493843,126.99335,서초구
양양메밀막국수,서울 서초구 동광로15길 10,02-3482-3738,37.49252,126.988279,서초구
서호김밥,서울 서초구 방배중앙로 141-1,02-594-4434,37.491687,126.986707,서초구
오돌,서울 서초구 방배천로4길 18,02-583-8250,37.477846,126.983503,서초구
덕자네방앗간,서울 서초구 사평대로56길 7,02-575-8959,37.503161,127.023536,서초구
애플하우스,서울 서초구 신반포로 50,02-595-1629,37.501799,126.990145,서초구
강남따로국밥,서울 서초구 신반포로47길 119,02-543-2527,37.515418,127.018524,서초구
대도식당 왕십리점,서울 성동구 무학로12길 3,02-2292-9772,37.567373,127.0306,성동구
죽변항,서울 성동구 상원길 40,02-465-7487,37.547536,127.048839,성동구
대성갈비,서울 성동구 서울숲4길 27,02-464-3012,37.547083,127.044024,성동구
엽기꼼닭발,서울 성동구 왕십리로22길 3,02-2299-3838,37.562628,127.034249,성동구
성수아구찜,서울 성동구 왕십리로4길 10,02-465-4346,37.545584,127.045876,성동구
금왕돈까스,서울 성북구 성북로 138,02-763-9366,37.594804,126.994381,성북구
하단,서울 성북구 성북로6길 14,02-764-5744,37.590002,127.004999,성북구
남경막국수,서울 송파구 백제고분로7길 52-29,02-417-0060,37.509466,127.085144,송파구
주은감자탕,서울 송파구 삼학사로 71,02-413-3670,37.50369,127.096796,송파구
송파나루,서울 송파구 석촌호수로 234,02-413-7080,37.507654,127.102743,송파구
툇마루밥상,서울 송파구 송파대로22길 11,02-409-6979,37.487894,127.12313,송파구
옹아리 벌교 참꼬막,서울 송파구 송파대로30길 11,02-443-8909,37.494833,127.118412,송파구
모꼬지에,서울 송파구 송파대로36길 5-13,02-424-6150,37.500473,127.112318,송파구
봉피양,서울 송파구 양재대로71길 1-4,02-415-5527,37.510002,127.126185,송파구
벽제갈비 방이본점,서울 송파구 양재대로71길 1-4,02-415-5522,37.510002,127.126185,송파구
신복촌,서울 영등포구 국제금융로8길 19,02-706-2500,37.520769,126.929141,영등포구
다미,서울 영등포구 국제금융로8길 34,02-783-5167,37.520238,126.927248,영등포구
정인면옥,서울 영등포구 국회대로76길 10,02-2683-2615,37.530693,126.921611,영등포구
원조호수삼계탕,서울 영등포구 도림로 282,02-833-8948,37.50306,126.90415,영등포구
덕원,서울 영등포구 버드나루로길 6,02-2634-8663,37.526413,126.896262,영등포구
삼거리순대국,서울 영등포구 시흥대로185길 11,02-848-2469,37.491735,126.907233,영등포구
희정식당,서울 영등포구 여의나루로 117,02-784-9213,37.526238,126.931053,영등포구
대문점,서울 영등포구 영중로10길 30,02-2678-3256,37.518617,126.908583,영등포구
남도마루,서울 영등포구 은행로 3,02-761-9937,37.527602,126.91963,영등포구
강가네멧돌빈대떡,서울 용산구 대사관로24길 27,02-792-1967,37.532519,127.005446,용산구
부첼리하우스,서울 용산구 독서당로 122-1,02-792-5676,37.536807,127.012903,용산구
구복만두,서울 용산구 두텁바위로 10,02-797-8656,37.545083,126.973175,용산구
갯마을한강로점,서울 용산구 서빙고로 56,02-795-2277,37.523054,126.970309,용산구
강원정,서울 용산구 원효로89길 13-10,02-719-9978,37.540495,126.967829,용산구
오통영 이촌점,서울 용산구 이촌동 300-3,02-794-2377,37.516956,126.979805,용산구
나리의집,서울 용산구 이태원로 245,02-793-4860,37.536907,127.000127,용산구
평양집,서울 용산구 한강대로 186,02-793-6866,37.534836,126.973949,용산구
갈현시장할머니떡볶이,서울 은평구 통일로87길 8-1,02-354-8399,37.623491,126.918776,은평구
미갈매기살,서울 종로구 돈화문로11가길 7,02-3672-0081,37.572989,126.991063,종로구
찬양집,서울 종로구 돈화문로11다길 5,02-743-1384,37.572793,126.990274,종로구
자하 손만두,서울 종로구 백석동길 12,02-379-2648,37.593163,126.96606,종로구
깡통만두,서울 종로구 북촌로2길 5-6,02-794-4243,37.578163,126.986091,종로구
풍년쌀농산,서울 종로구 북촌로5가길 32,02-732-7081,37.580955,126.981706,종로구
큰기와집,서울 종로구 북촌로5길 62,02-722-9024,37.579954,126.981629,종로구
사발,서울 종로구 사직로8길 34,02-720-4845,37.57321,126.971759,종로구
백부장집닭한마리,서울 종로구 삼봉로 100-1,02-732-2565,37.571827,126.982691,종로구
일미식당,서울 종로구 삼일대로 428,02-766-6588,37.572157,126.987611,종로구
통나무식당,서울 종로구 삼일대로 436-1,02-763-7494,37.573566,126.987965,종로구
병우네,서울 종로구 삼청로7길 19-13,02-720-9397,37.583517,126.981082,종로구
평안도만두집,서울 종로구 새문안로3길 30,02-723-6592,37.572906,126.973122,종로구
광화문집,서울 종로구 새문안로5길 12,02-739-7737,37.571372,126.974954,종로구
이문설농탕,서울 종로구 우정국로 38-13,02-733-6526,37.572756,126.983901,종로구
비원떡집,서울 종로구 율곡로 20,02-765-4928,37.575494,126.981701,종로구
조선김밥,서울 종로구 율곡로3길 68,02-723-7496,37.578589,126.982214,종로구
안주마을,서울 종로구 자하문로1길 5,02-723-3529,37.576429,126.972111,종로구
취천루,서울 종로구 자하문로7길 9,02-6221-8249,37.57824,126.971022,종로구
포담,서울 종로구 자하문로9길 11,02-733-0831,37.579326,126.970565,종로구
감촌,서울 종로구 종로 19,02-733-7035,37.570847,126.97984,종로구
유림낙지,서울 종로구 종로 24-8,02-723-1741,37.569503,126.9797,종로구
청진옥,서울 종로구 종로3길 32,02-735-1690,37.571736,126.979454,종로구
옛날민속집,서울 종로구 진흥로 469,02-379-6100,37.606547,126.96036,종로구
와글와글족발,서울 종로구 창신길 18,02-765-0319,37.572408,127.010825,종로구
북악정,서울 종로구 평창36길 6,02-394-2340,37.611348,126.977747,종로구
인왕식당,서울 종로구 필운대로6길 17-1,02-737-2214,37.58049,126.969644,종로구
메밀꽃필무렵,서울 종로구 효자로 31-1,02-734-0367,37.578885,126.973696,종로구
부민옥,서울 중구 다동길 24-12,02-777-2345,37.567508,126.980225,중구
함흥에겨울냉면,서울 중구 동호로24길 21,02-2279-2770,37.560206,127.005248,중구
만나손칼국수,서울 중구 동호로31길 29,02-2266-6556,37.56319,127.001122,중구
오장동흥남집,서울 중구 마른내로 114,02-2266-0735,37.564348,127.000552,중구
평래옥,서울 중구 마른내로 21-1,02-2267-5892,37.564928,126.990391,중구
명동교자,서울 중구 명동10길 29,02-776-5348,37.562572,126.985748,중구
대복,서울 중구 세종대로14길 22,02-755-0189,37.562802,126.977924,중구
대복집,서울 중구 세종대로14길 22,02-755-0189,37.562802,126.977924,중구
신성식당,서울 중구 세종대로14길 22-3,02-753-5306,37.562632,126.978073,중구
원조녹두(녹두전 파전),서울 중구 을지로11길 26-2,02-2277-0241,37.567564,126.990955,중구
조선옥,서울 중구 을지로15길 6-5,02-2266-0333,37.566803,126.993637,중구
산수갑산,서울 중구 을지로20길 24,02-2275-6654,37.56542,126.995331,중구
남포면옥,서울 중구 을지로3길 24,02-777-3131,37.567215,126.981791,중구
우래옥,서울 중구 창경궁로 62-29,02-2265-0151,37.568224,126.998723,중구
은주정,서울 중구 창경궁로8길 32,02-2265-4669,37.568684,126.999759,중구
통일집 을지로점,서울 중구 충무로 68-12,02-2273-0824,37.567204,126.993134,중구
을지면옥,서울 중구 충무로14길 2-1,02-2266-7052,37.567661,126.992845,중구
재구네닭발,서울 중구 퇴계로86길 24,02-2236-5143,37.56449,127.019646,중구
난장캠프,서울특별시 강남구 강남대로114길 10,02-516-1446,37.505761,127.02521,강남구
미미면가,서울특별시 강남구 강남대로160길 29,070-4211-5466,37.52008,127.02111,강남구
장서는날,서울특별시 강남구 강남대로78길 35,02-567-4475,37.495717,127.032205,강남구
마포쉐프 강남역점,서울특별시 강남구 강남대로98길 16 파빌리온빌딩,02-566-8886,37.500729,127.028012,강남구
서경도락 도산대로점,서울특별시 강남구 도산대로 208,02-512-1092,37.519779,127.029349,강남구
베러댄비프,서울특별시 강남구 도산대로11길 5,02-3446-0400,37.517864,127.022281,강남구
달식탁,서울특별시 강남구 도산대로15길 11,02-511-9440,37.519057,127.023793,강남구
두레국수,서울특별시 강남구 도산대로37길 28,02-3444-1421,37.522851,127.031549,강남구
도산분식 도산공원점,서울특별시 강남구 도산대로49길 10-6 젤로빌딩,02-514-5060,37.523705,127.037896,강남구
밍글스,서울특별시 강남구 도산대로67길 19 힐탑빌딩 2층,02-515-7306,37.525378,127.044165,강남구
토끼정 강남점,서울특별시 강남구 봉은사로6길 32,070-4230-2233,37.502975,127.027248,강남구
외고집설렁탕,서울특별시 강남구 삼성로 555 알앤텍빌딩 1층,02-567-5225,37.511022,127.053906,강남구
오통영 청담점,서울특별시 강남구 선릉로158길 10 한나빌딩 지하2층,02-544-2377,37.52545,127.040849,강남구
고센인코퍼레이티드 청담점,서울특별시 강남구 선릉로158길 18,02-515-1863,37.525221,127.04144,강남구
농민백암순대 본점,서울특별시 강남구 선릉로86길 40-4,02-555-9603,37.503743,127.05298,강남구
만두집,서울특별시 강남구 압구정로 338,02-544-3710,37.52793,127.038883,강남구
홈수끼 학동점,서울특별시 강남구 언주로 708,02-3445-4124,37.51629,127.035729,강남구
한성칼국수 논현점,서울특별시 강남구 언주로 735 국민은행 지하,02-544-0540,37.520797,127.033748,강남구
참한간장게장,서울특별시 강남구 언주로168길 15,02-518-7782,37.526447,127.034908,강남구
대낚식당,서울특별시 강남구 역삼로 137 1층 대낚식당,02-558-5561,37.494555,127.03447,강남구
뜨락,서울특별시 강남구 영동대로142길 13-3,02-543-2987,37.524415,127.055547,강남구
황금콩밭,서울특별시 마포구 굴레방로1길 6,02-313-2952,37.554497,126.956579,마포구
고등어김치찜전문점군자네,서울특별시 마포구 대흥로 53,02-706-5454,37.545533,126.939514,마포구
장수갈매기,서울특별시 마포구 도화길 46,02-716-6070,37.541677,126.950703,마포구
밤새우리,서울특별시 마포구 독막로5길 28 1층,070-4823-5556,37.549209,126.918662,마포구
금화로불고기,서울특별시 마포구 동교로 186-1,02-334-3312,37.556892,126.922297,마포구
도하정,서울특별시 마포구 마포대로4길 38 1층 도하정,010-9440-6639,37.538037,126.946591,마포구
락희옥 마포본점,서울특별시 마포구 백범로 170,02-719-9797,37.544897,126.947954,마포구
홍천한우곱창,서울특별시 마포구 새창로6길 4,02-713-9293,37.541739,126.952513,마포구
옹달샘 본점,서울특별시 마포구 양화로6길 99,02-333-2440,37.548462,126.919714,마포구
옥동식,서울특별시 마포구 양화로7길 44-10 3차신도빌라,010-5571-9915,37.552641,126.914594,마포구
행진,서울특별시 마포구 월드컵로 49,02-336-4275,37.553668,126.911614,마포구
미담진족,서울특별시 마포구 잔다리로3안길 27,02-334-7574,37.550427,126.919832,마포구
마포원조주물럭,서울특별시 마포구 토정로 294,02-716-3001,37.540833,126.941855,마포구
마포옥,서울특별시 마포구 토정로 312,02-716-6661,37.539882,126.94334,마포구
조박집 본관,서울특별시 마포구 토정로37길 3,02-712-7462,37.539819,126.94437,마포구
녹원쌈밥,서울특별시 서대문구 연희로25길 22,02-336-9483,37.572489,126.934151,서대문구
한씨옥,서울특별시 서대문구 연희로25길 92,02-305-4892,37.569775,126.931971,서대문구
오리와메밀푸른초장,서울특별시 서대문구 충정로 43-4 유석빌딩 1층,02-362-1172,37.563034,126.964145,서대문구
진주집,서울특별시 영등포구 국제금융로6길 33,02-780-6108,37.520776,126.926934,영등포구
옴팡집,서울특별시 영등포구 국회대로76길 16,02-784-3644,37.530252,126.921719,영등포구
당산마루 능이버섯삼계탕,서울특별시 영등포구 선유로54길 9,02-6083-1393,37.536159,126.899739,영등포구
길풍식당,서울특별시 영등포구 양평로 85,02-2634-1359,37.53592,126.897367,영등포구
영원식당,서울특별시 영등포구 여의나루로 117 서울 상가 2층,02-784-1866,37.526238,126.931053,영등포구
양평민물매운탕,서울특별시 용산구 청파로 329 동해해물탕,02-712-6657,37.549017,126.969737,용산구
옛집,서울특별시 용산구 한강대로62길 18,02-794-8364,37.534056,126.973394,용산구
봉산집 본점,서울특별시 용산구 한강대로62나길 24,02-793-5022,37.534448,126.975007,용산구
계림,서울특별시 종로구 돈화문로4길 39,02-2263-6658,37.570162,126.994486,종로구
백부장집 닭한마리,서울특별시 종로구 삼봉로 100-1,02-732-2565,37.571827,126.982691,종로구
낙원떡집,서울특별시 종로구 삼일대로 438,02-732-5579,37.5738,126.987905,종로구
원조유림낙지,서울특별시 종로구 종로 24-8,02-723-1741,37.569503,126.9797,종로구
닭진미강원집,서울특별시 중구 남대문시장길 22-20,02-753-9063,37.559587,126.977039,중구
명동교자 본점,서울특별시 중구 명동10길 29,02-776-5348,37.562572,126.985748,중구
하동관명동본점,서울특별시 중구 명동9길 12,02-776-5656,37.564431,126.985044,중구
양미옥 을지로본점,서울특별시 중구 충무로 62,02-2275-8838,37.566796,126.9928,중구
목멱산방,서울특별시 중구 퇴계로20길 71 1층 목멱산방,02-318-4790,37.558131,126.986884,중구
강촌숯불닭갈비 본점,서울특별시 구로구 공원로6나길 35-2,02-851-2194,37.50443,126.891723,구로구
퓨전선술집,서울특별시특별시 마포구 월드컵로1길 7,02-335-4764,37.549468,126.977874,마포구
뉴문한우육회,서울 강남구 논현동 143-2,,37.50971727,127.0228016,강남구
건대통골뱅이,서울 강남구 논현동 143-26,,37.50889377,127.0232021,강남구
새마을식당,서울 강남구 논현동 164-12,,37.50767983,127.0237315,강남구
고요남,서울 강남구 논현동 164-14,,37.50796574,127.0236095,강남구
사람사는 고깃집 김일도,서울 강남구 논현동 183-8,,37.50681783,127.0255031,강남구
서경도락,서울 강남구 논현동 60,,37.5197603,127.0293667,강남구
진대감,서울 강남구 대치동 895-11,,37.50403216,127.0539804,강남구
채근담,서울 강남구 대치동 983,,37.50343031,127.0650206,강남구
맛자랑,서울 강남구 대치동 987-7,,37.50029412,127.0631445,강남구
초량돼지,서울 강남구 대치동 996-14,,37.50865006,127.0657543,강남구
봉족발,서울 강남구 도곡동 954-12,,37.48548364,127.0349169,강남구
미인삼계탕,서울 강남구 삼성동 159,,37.51252119,127.0588193,강남구
김복순큰남비집,서울 강남구 신사동 522,,37.52073355,127.0199705,강남구
개화옥등심,서울 강남구 신사동 574-5,,37.52501394,127.0251773,강남구
청청,서울 강남구 신사동 588-12,,37.5215078,127.0311082,강남구
동경전통육개장,서울 강남구 역삼1동 647-7,,37.50042612,127.0327224,강남구
대우식당,서울 강남구 역삼동 641-18,,37.50275593,127.0352543,강남구
통영집,서울 강남구 역삼동 696-31,,37.50647896,127.0473938,강남구
강남목장,서울 강남구 역삼동 725-25,,37.50036277,127.0403082,강남구
강남목장,서울 강남구 역삼동 725-25,,37.50036277,127.0403082,강남구
현대북어찜황태전골,서울 강남구 역삼동 738-11,,37.49887571,127.0371559,강남구
무등산,서울 강남구 청담동 1-15,,37.5219196,127.0399605,강남구
드럼통떡볶이,서울 강동구 길동 412-8,,37.53685778,127.1392951,강동구
까시,서울 강동구 길동 414-3,,37.53674523,127.1375419,강동구
버섯잔치집,서울 강동구 성내동 549-4,,37.52828742,127.1256773,강동구
땡초닭발,서울 강북구 수유동 178-28,,37.64202801,127.0243262,강북구
전주뜰콩나물국밥,서울 강서구 공항동 672-10,,37.55515721,126.816054,강서구
등촌최월선칼국수,서울 강서구 등촌동 654-95,,37.55604047,126.8567055,강서구
농실가,서울 강서구 등촌동 674-2,,37.55933596,126.8392778,강서구
광주똑손이아구찜,서울 강서구 마곡동 722-3,,37.55943719,126.837863,강서구
방화동쭈꾸미마을,서울 강서구 방화동 451-8,,37.57411248,126.8111239,강서구
유림,서울 강서구 염창동 5-17,,37.559421,126.8669324,강서구
사당삼겹살,서울 관악구 남현동 1061-13,,37.47500712,126.9811652,관악구
봉천동진순자김밥,서울 관악구 봉천동 894-2,,37.48126742,126.9474533,관악구
김영자나주곰탕,서울 관악구 서림동 110-6,,37.47239158,126.9352935,관악구
볏짚구이이야기,서울 관악구 행운동 1666-2,,37.48145962,126.9542037,관악구
안동참찜닭,서울 광진구 자양동 1-17,,37.53959817,127.0699389,광진구
개미집,서울 광진구 화양동 508-2,,37.54522307,127.0769518,광진구
황소곱창,서울 광진구 화양동 9-24,,37.54157965,127.0685476,광진구
소문난,서울 노원구 공릉동 571-16,,37.62190218,127.0723876,노원구
채선당,서울 노원구 상계동 1267,,37.68018621,127.0558302,노원구
나정순할매쭈꾸미,서울 동대문구 용신동 119-20,,37.57708815,127.0307822,동대문구
먹깨비해물아구찜,서울 동대문구 장안동 345-1,,37.57042994,127.0715965,동대문구
팔팔해물탕,서울 동작구 신대방동 375-21,,37.49742211,126.9203666,동작구
용마루굴다리껍데기,서울 마포구 공덕동 22-13,,37.54912941,126.9580739,마포구
웰빙김치찜,서울 마포구 공덕동 256-5,,37.5451972,126.9533138,마포구
군자네,서울 마포구 대흥동 337-62,,37.54551871,126.9395037,마포구
팔팔전복,서울 마포구 도화동 181-5,,37.54204786,126.9509192,마포구
한강껍데기,서울 마포구 망원동 416-33,,37.55666553,126.9022894,마포구
만복기사식당,서울 마포구 망원동 455-1,,37.55527734,126.8998974,마포구
청어람,서울 마포구 망원동 482-3,,37.55812728,126.9075121,마포구
오복가정식,서울 마포구 상암동 12-79,,37.57751507,126.8940993,마포구
강수돌곱창,서울 마포구 서교동 358-136,,37.55296465,126.9221168,마포구
훈남닭발,서울 마포구 서교동 363-24,,37.55113542,126.9226367,마포구
아소정,서울 마포구 염리동 149-9,,37.54657281,126.9464399,마포구
철길왕갈비살,서울 마포구 창전동 4-2,,37.55459117,126.9316435,마포구
한옥집,서울 서대문구 냉천동 178,,37.5666416,126.9648336,서대문구
대흥뚝배기,서울 서대문구 대현동 56-33,,37.55807649,126.9450862,서대문구
면면,서울 서대문구 북가좌동 343-1,,37.5836228,126.9111145,서대문구
청송함흥냉면,서울 서대문구 연희동 193-6,,37.56589473,126.9287709,서대문구
팔팔민물장어,서울 서초구 반포동 745,,37.50347403,127.0197986,서초구
백년옥,서울 서초구 서초3동 1450-6,,37.48117433,127.0137664,서초구
봉산옥,서울 서초구 서초3동 1451-9,,37.48334635,127.0124657,서초구
황금복국,서울 서초구 서초동 1327-1,,37.49582839,127.027353,서초구
담뿍화로된장찌개,서울 서초구 서초동 1330-7,,37.49296087,127.0283584,서초구
꼴더덕꼴더덕,서울 서초구 서초동 1459-6,,37.48399834,127.0122769,서초구
아따맵소,서울 서초구 서초동 1510-3,,37.4877209,127.0086897,서초구
영광굴비식당,서울 서초구 서초동 1572-14,,37.4924923,127.0115669,서초구
우작설렁탕,서울 서초구 서초동 1621-5,,37.48622706,127.0161207,서초구
강촌원조쭈꾸미,서울 서초구 양재동 13-9,,37.4833055,127.0362455,서초구
오대산산채식당,서울 서초구 양재동 2-13,,37.48473781,127.039962,서초구
소백산,서울 서초구 양재동 346,,37.46854453,127.0429508,서초구
양재동첫번째찜,서울 서초구 양재동 351-8,,37.46692338,127.0426109,서초구
목포산꽃게,서울 성동구 마장동 767-41,,37.56778764,127.0450387,성동구
호인족발,서울 송파구 가락동 175-7,,37.49603576,127.1358201,송파구
가나안,서울 송파구 송파동 195-1,,37.50048088,127.1123033,송파구
대갈곱창&막창,서울 송파구 송파동 39-9,,37.50994284,127.1089747,송파구
탕,서울 송파구 잠실동 207-19,,37.50965185,127.0847641,송파구
숲속도토리마을,서울 양천구 신정동 1157-21,,37.5154721,126.8493585,양천구
부여집,서울 영등포구 당산동2가 162-13,,37.52428988,126.8922135,영등포구
대림동삼거리 먼지막순대국,서울 영등포구 대림동 963-9,,37.49173897,126.9072278,영등포구
송원마포돼지갈비,서울 영등포구 문래동4가 8-18,,37.51659856,126.889387,영등포구
이필당,서울 영등포구 양평동4가 77-3,,37.535754,126.8956833,영등포구
부흥동태,서울 영등포구 여의도동 36-4,,37.52020503,126.9272641,영등포구
닭한마리,서울 영등포구 영등포동3가 12-18,,37.51779033,126.9096231,영등포구
전주전집,서울 영등포구 영등포동3가 4-7,,37.51898635,126.9076853,영등포구
땅끝마을매생이굴국밥,서울 용산구 원효로2가 80-18,,37.53604929,126.9622268,용산구
원대구탕,서울 용산구 한강로1가 142-4,,37.53469156,126.9742209,용산구
속초생선찜,서울 은평구 갈현동 431-1,,37.62025102,126.9176924,은평구
미소복원조양평해장국,서울 은평구 갈현동 460-18,,37.61691046,126.9187738,은평구
목포세발낙지,서울 은평구 불광1동 281-162,,37.60975126,126.9313556,은평구
항아리홍어,서울 은평구 불광동 281-159,,37.60997252,126.9311629,은평구
대관령황태마을,서울 은평구 역촌동 70-34,,37.60353868,126.9101748,은평구
만석쌈밥,서울 은평구 진관동 278-32,,37.65589504,126.9495108,은평구
전주식당,서울 종로구 관수동 43-2,,37.56989657,126.9911412,종로구
여자만,서울 종로구 관훈동 88,,37.57494682,126.9848309,종로구
장모님해장국,서울 종로구 구기동 253-1,,37.6088746,126.9556429,종로구
순라길,서울 종로구 권농동 148,,37.57651964,126.9915292,종로구
종로진낙지,서울 종로구 낙원동 139,,37.57210898,126.9890994,종로구
다락정,서울 종로구 삼청동 127-4,,37.58724383,126.981491,종로구
우정낙지,서울 종로구 서린동 127,,37.56940985,126.979507,종로구
경원집족발,서울 종로구 적선동 27,,37.57618675,126.9734991,종로구
미진,서울 종로구 종로1가 24,,37.57045894,126.9798502,종로구
억조,서울 종로구 효제동 226-1,,37.57207419,127.0036604,종로구
호남식당,서울 중구 남창동 34-53,,37.55982405,126.9769688,중구
용금옥,서울 중구 다동 165-1,,37.56765534,126.9805384,중구
오후청,서울 중구 북창동 104,,37.5620843,126.9780034,중구
마복림떡뽁이,서울 중구 신당동 292-112,,37.56320767,127.0150983,중구
황평집,서울 중구 인현동2가 135-13,,37.56406839,126.9961297,중구
두툼,서울 중구 중림동 200,,37.55811615,126.9653065,중구
전주중앙회관,서울 중구 충무로1가 24-11,,37.56117622,126.9837722,중구
목우촌부추삼겹살,서울 관악구 남현1길 68-10,588-7399        ,37.47533958,126.9810899,관악구
청진동해장국,서울 관악구 관악로 105,875-9882        ,37.47462961,126.9525993,관악구
오백냥분식,서울 송파구 가락로 112,414-2261,37.501272,127.1085095,송파구
토방 닭 한마리,서울 관악구 신림로22길 5,874-6895        ,37.47164663,126.9353063,관악구
왕세숫대야냉면(행복을파는집),서울 강서구 공항대로 423,02-2668-3608,37.55556748,126.8543717,강서구
돌마리유황오리,서울 송파구 가락로 66,423-6231,37.49976018,127.1036182,송파구
벧엘 칼국수,서울 송파구 마천로41길 22,408-5151,37.49689463,127.1499473,송파구
보라매25시해장국,서울 양천구 신월로17길 21,2604-6952       ,37.52069932,126.8417514,양천구
해피분식,서울 구로구 중앙로1길 18-19,02-2688-1242,37.49857739,126.8631491,구로구
금강숯불생고기,서울 광진구 용마산로7길 9,3437-9599       ,37.55898562,127.0870897,광진구
한우마당,서울 중구 남대문로5길 7,02-3789-7792,37.56167432,126.9788515,중구
흥부농장,서울 광진구 뚝섬로59길 81-2,3437-3611       ,37.53552255,127.0827993,광진구
자매식당,서울 광진구 구의로 16,3437-8760       ,37.53927248,127.0895182,광진구
다비다식당,서울 광진구 동일로 444,466-1074        ,37.56970056,127.0797764,광진구
김밥나라,서울 광진구 용마산로 52,446-2442        ,37.55833658,127.0880062,광진구
우돈골,서울 송파구 위례성대로20길 24,3401-4585,37.50926539,127.1272557,송파구
자매식당,서울 동대문구 이문로28길 16,967-9358        ,37.59549733,127.0605629,동대문구
김밥나라,서울 강서구 양천로59길 46,02-3664-8327,37.56104156,126.860025,강서구
백미식당,서울 강서구 공항대로59가길 25,02-3662-9288,37.55175699,126.8652265,강서구
남영해물탕,서울 용산구 한강대로80길 12,798-2545        ,37.54254316,126.973487,용산구
장수설렁탕,서울 송파구 백제고분로 148,415-1472        ,37.50548704,127.0831211,송파구
부부칼국수,서울 강서구 강서로56가길 47,02-3662-4594,37.56170219,126.8400994,강서구
별미 바지락칼국수,서울 강동구 풍성로 160,470-7393,37.53058027,127.1296127,강동구
투가리,서울 강동구 양재대로 1389,476-6005,37.53018558,127.1367675,강동구
박리김밥,서울 중랑구 공릉로2길 22,02-949-7101,37.61195597,127.0790364,중랑구
소소한날,서울 영등포구 도림로 462,02-2068-2220,37.51577851,126.8923582,영등포구
부남돌구이,서울 종로구 대학로2길 65-5,742-2451        ,37.57179175,127.0055853,종로구
투가리올림픽,서울 송파구 백제고분로 465,386-7004,37.51218629,127.1130539,송파구
봉주르,서울 마포구 와우산로 155-1,332-8373        ,37.55497892,126.9300363,마포구
산정,서울 중구 동호로 288,2277-0913       ,37.56021602,127.0031204,중구
깡통참숯돼지갈비,서울 성북구 보문로30라길 17,928-3343        ,37.58973215,127.0187619,성북구
김밥천국,서울 강서구 가로공원로76길 61,02-2692-5955,37.53442541,126.8382672,강서구
다사랑분식,서울 관악구 난우길 18,852-5010,37.4745872,126.9187257,관악구
원조막국수,서울 강북구 노해로33길 49,991-5215        ,37.64672082,127.0218646,강북구
다운이,서울 노원구 한글비석로 444,02-937-1160,37.66361305,127.0684926,노원구
제주똥돼지촌,서울 구로구 구로동로28길 98,02-837-3077,37.49172629,126.8892641,구로구
세림가든,서울 영등포구 경인로 874,02-2671-5678,37.51719978,126.9098191,영등포구
도봉산콩나물국밥,서울 도봉구 도봉로181길 53,02-955-9335,37.68461676,127.0429647,도봉구
길손한정식,서울 구로구 고척로40길 33-5,02-2625-0277,37.5016661,126.851131,구로구
제주흑돼지,서울 영등포구 영중로4길 5,02-2678-0610,37.51730064,126.9069661,영등포구
명가영양돌솥밥,서울 구로구 구로동로18길 12,02-858-5977,37.48809371,126.8852126,구로구
수제비손칼국수,서울 관악구 인헌4길 3,876-2517,37.4744541,126.9666007,관악구
대형갈비,서울 구로구 구로동로 100,02-864-0719,37.48759022,126.8851105,구로구
더구어,서울 서초구 효령로31길 58,3474-9293,37.48368318,126.9955076,서초구
태능숯불갈비,서울 동대문구 고산자로30길 17,966-5687,37.57601396,127.0393431,동대문구
신가네김밥타운,서울 서대문구 증가로25길 4,373-1187        ,37.58167048,126.9139717,서대문구
삼성회관,서울 중구 청구로3길 16,2231-8520,37.558876,127.0153513,중구
수원성갈비,서울 종로구 창신3길 9,745-3576,37.57322078,127.0112097,종로구
설가네부대찌개,서울 구로구 경인로 318-9,02-2613-2246,37.49673304,126.8557302,구로구
연희골굼터,서울 서대문구 홍제천로 156-6,3143-6883       ,37.57697449,126.930813,서대문구
보리밥 솥뚜껑 삼겹살,서울 구로구 개봉로15길 12,02-2682-4662,37.49002989,126.8552755,구로구
소백산영주한우,서울 은평구 은평로 187-3,02-358-1199,37.60197419,126.9286224,은평구
호남식당,서울 송파구 거마로22길 1,3402-0885,37.49932743,127.1476654,송파구
털보고된이,서울 은평구 통일로83길 9-1,02-383-9289,37.62083655,126.9186993,은평구
삼성돈구이,서울 강남구 봉은사로108길 3-6,02-508-6994,37.51439577,127.0641123,강남구
가마솥설렁탕,서울 구로구 고척로40길 33-4,02-2615-5292,37.50159831,126.8508925,구로구
연안식당,서울 서대문구 증가로 258,302-3773        ,37.58377618,126.9116437,서대문구
소문난맛함흥냉면,서울 성동구 무학봉18길 4-1,2299-5537       ,37.5612484,127.0317085,성동구
일심해장국,서울 송파구 양산로 12,407-6718,37.48991126,127.1435904,송파구
시골마당,서울 서초구 강남대로23길 30,577-9453,37.47640024,127.0371687,서초구
만나칼국수,서울 관악구 봉천로7길 23,888-8564,37.4905216,126.9263836,관악구
훼밀리김밥,서울 송파구 성내천로21길 12,406-5415,37.50043153,127.1447443,송파구
대풍손칼국수,서울 성북구 보문로 129,953-3060,37.58646205,127.018423,성북구
마들김밥,서울 노원구 한글비석로 474,02-933-9308,37.66482335,127.0654415,노원구
해주냉면,서울 서대문구 연세로12길 37-3,393-2990        ,37.55923855,126.9389414,서대문구
와우돈까스,서울 중랑구 공릉로12가길 6,02-2209-3607,37.61634248,127.0801655,중랑구
시골짚,서울 도봉구 도봉로152길 35,02-954-5243,37.66947801,127.0457387,도봉구
중앙한분식,서울 구로구 구로동로 126-20,02-851-1064,37.49002321,126.8853862,구로구
왕세숫대야냉면,서울 서대문구 수색로2길 7,376-0877        ,37.56918523,126.915982,서대문구
콩아리(전주콩나물국밥),서울 강북구 월계로 43-1,985-5588,37.61154637,127.0344652,강북구
밥도둑구이전문,서울 양천구 목동중앙북로7가길 53,2646-2131,37.54966854,126.8648147,양천구
강원도청국장,서울 송파구 오금로19길 14,423-1714,37.51087848,127.113994,송파구
금천골 오리명가,서울 금천구 시흥대로78길 59,808-1246,37.46071404,126.8991736,금천구
조은식당,서울 양천구 목동동로 339,2655-2527,37.53217536,126.8767439,양천구
시골칼국수,서울 강서구 방화대로7나길 45,02-2666-5477,37.55624077,126.8132605,강서구
함흥냉면(연백냉면),서울 송파구 새말로12길 7,409-5054,37.48267509,127.1293115,송파구
대박집,서울 양천구 등촌로 46,2653-9285,37.53384214,126.8640329,양천구
메밀이랑 면이랑,서울 강서구 강서로 263-17,02-2691-8585,37.54925761,126.8352441,강서구
진식당,서울 노원구 노원로 564,02-952-1026,37.66165211,127.0561247,노원구
해피타임,서울 강남구 삼성로71길 34,02-567-5714,37.50163638,127.0561198,강남구
옛고향,서울 서대문구 모래내로 350,02-394-7681,37.58099575,126.9353259,서대문구
소백산,서울 송파구 백제고분로39길 28,422-9929,37.50670258,127.1039507,송파구
털보식당,서울 도봉구 도당로 148,3492-7926,37.66695396,127.0424582,도봉구
송림정,서울 관악구 은천로 36,878-7777,37.48602819,126.9392268,관악구
포도나무,서울 중랑구 용마산로 338,493-3336,37.58195994,127.0936391,중랑구
예가원,서울 영등포구 영신로32길 32,02-2675-6963,37.51884951,126.9045378,영등포구
만미정 식당,서울 강북구 솔매로43길 96,983-8884,37.62993042,127.0228407,강북구
완산정,서울 구로구 개봉로23가길 37,02-2688-4655,37.49525476,126.858341,구로구
국일관,서울 송파구 마천로 345-1,406-0451,37.49292189,127.1528549,송파구
중앙삼겹시대,서울 관악구 중앙길 12,875-9998,37.48402414,126.9539051,관악구
정릉갈비,서울 성북구 정릉로38길 8,916-9466,37.60188312,127.0186528,성북구
명가분식,서울 구로구 오류로8길 85,02-2682-0384,37.49313252,126.8447073,구로구
은혜김밥,서울 은평구 역말로9길 41,02-359-0262,37.61470707,126.9222223,은평구
분식나라,서울 중랑구 동일로140길 25,02-2209-2833,37.60443355,127.0805827,중랑구
돈애우,서울 도봉구 도당로 81,02-3491-9279,37.66514108,127.0360209,도봉구
돈스우스,서울 양천구 월정로 157,2608-5015,37.53276617,126.8364683,양천구
영화속의 김밥이야기,서울 광진구 자양로 173,444-5005,37.54327179,127.0841916,광진구
김밥타운,서울 도봉구 도당로15길 3,02-956-2001,37.66576223,127.0368592,도봉구
유창숯불갈비,서울 관악구 은천로23길 14,883-5759,37.48726,126.948211,관악구
서울숯불갈비,서울 성북구 정릉로29길 8,912-1902,37.60381977,127.0157594,성북구
미락,서울 성북구 화랑로25길 13,915-3334,37.60916197,127.0521779,성북구
횡성한우목장,서울 용산구 효창원로48길 6,716-8592,37.53757588,126.9609065,용산구
자매분식,서울 구로구 구로중앙로8길 41,02-851-5293,37.49289538,126.8938133,구로구
항아리 숯불갈비,서울 강남구 언주로134길 11-1,02-517-2260,37.51687852,127.0365154,강남구
제주토종흑돼지,서울 관악구 남현1길 68-14,583-9250,37.47516875,126.9811246,관악구
한우식당,서울 구로구 경인로33길 61-3,02-2612-5157,37.50055977,126.851002,구로구
고등어식당,서울 강남구 강남대로84길 33,02-2050-0095,37.49754613,127.0310934,강남구
할매김밥,서울 중랑구 동일로163길 17,02-979-6227,37.61180773,127.0763273,중랑구
영자씨우동김밥,서울 중구 마른내로 15-1,2272-9791,37.56495413,126.9896068,중구
광나루찌개,서울 종로구 대학로5가길 1,744-9260,37.57835417,127.001738,종로구
김밥만두집,서울 구로구 오류로8나길 8,02-2617-8550,37.49074036,126.8413258,구로구
우성숯불갈비,서울 송파구 백제고분로17길 56,416-9600,37.51045418,127.0852781,송파구
공새미김밥,서울 광진구 뚝섬로58길 19,455-8178,37.53114307,127.0846902,광진구
또순이네,서울 종로구 사직로 130,730-6980,37.57536753,126.9733218,종로구
산고을,서울 영등포구 선유서로25길 5-1,02-2632-0677,37.52435552,126.8851816,영등포구
남영골,서울 용산구 한강대로77길 8,704-4745,37.54219831,126.9721418,용산구
우리생고기,서울 강남구 개포로82길 13-17,02-577-7740,37.48889849,127.0685805,강남구
흑돈연가,서울 용산구 한강대로76길 11-2,797-8060,37.54170938,126.9739424,용산구
송주불냉면,서울 강서구 방화동로 49,02-2662-5509,37.56507473,126.8114806,강서구
다리목,서울 관악구 신림로58가길 7,877-4369,37.48214701,126.9310355,관악구
미진분식,서울 구로구 구로중앙로8길 27,02-3281-9409,37.49245047,126.893119,구로구
황소마을,서울 용산구 이태원로26길 8,794-6373,37.53400336,126.9930088,용산구
다동분식,서울 중구 남대문로9길 16,02-755-7414,37.56683604,126.9815496,중구
일심해장국,서울 도봉구 방학로 204,02-956-7027,37.66220886,127.0294607,도봉구
진사골왕갈비,서울 서대문구 신촌역로 14,02-363-3959,37.55784316,126.943056,서대문구
사천옥,서울 강남구 선릉로86길 16,02-539-1075,37.50326221,127.0510214,강남구
장독묵은지,서울 강남구 삼성로 38,02-445-1444,37.48868793,127.0668453,강남구
지리산,서울 영등포구 여의나루로 67,02-761-1493,37.52355864,126.9265108,영등포구
수미정,서울 강남구 강남대로84길 33,02-2050-0099,37.49754613,127.0310934,강남구
마포숯불갈비,서울 송파구 성내천로 223,430-9757,37.49976235,127.1525585,송파구
정원고기마을,서울 영등포구 가마산로 455,02-836-8878,37.50600708,126.9069374,영등포구
해남식당,서울 강남구 학동로101길 26,02-543-9660,37.5224448,127.0576204,강남구
다정이모네,서울 관악구 신원로 3,865-0218,37.47965092,126.9278179,관악구
미락칼국수,서울 도봉구 도봉로110아길 6,02-908-7017,37.64595379,127.0373851,도봉구
청송숯불화로구이,서울 강남구 언주로114길 17,02-549-3739,37.51024939,127.0390466,강남구
닷컴분식,서울 구로구 남부순환로97길 20-6,02-2616-4048,37.4940385,126.8586456,구로구
보리수,서울 강남구 삼성로82길 25,02-564-7419,37.50557677,127.0597434,강남구
우리식당,서울 구로구 중앙로3길 50,02-2612-5559,37.49983111,126.8606584,구로구
순미식당,서울 영등포구 대방천로 188,02-832-7436,37.49893903,126.911852,영등포구
바우골화로구이,서울 강남구 강남대로92길 29,20-568-6721,37.4994031,127.0297084,강남구
미성식당,서울 서대문구 통일로40안길 13-5,02-379-8562,37.59085131,126.9436836,서대문구
한성축산식당,서울 마포구 연남로 33,375-8447,37.56254921,126.9214742,마포구
바보네집,서울 강남구 논현로120길 14,02-544-8870,37.51083869,127.0333165,강남구
서울분식,서울 송파구 가락로42길 13,415-1576,37.51220786,127.1212013,송파구
김밥짱,서울 구로구 구로동로 125-1,02-861-2644,37.48982287,126.8840474,구로구
한분식,서울 서대문구 홍연2길 2,335-6712,37.57481109,126.9277682,서대문구
신성김밥,서울 송파구 백제고분로22길 28,420-9563,37.50148797,127.0882814,송파구
콩나물국밥,서울 종로구 자하문로 3,738-8223,37.57648307,126.9722648,종로구
코너집,서울 중구 장충단로 229,02-2279-6266,37.56521682,127.0072136,중구
찌개와,서울 강남구 광평로 280,02-3413-0709,37.48731916,127.1031081,강남구
다복콩비지,서울 강남구 개포로22길 31,02-573-2057,37.47709916,127.0492122,강남구
시골청국장,서울 강남구 학동로 504,02-548-0171,37.51871507,127.0510181,강남구
송백식당,서울 영등포구 당산로38길 15,02-2632-5080,37.52870047,126.9000029,영등포구
청계산갈비살,서울 강남구 학동로45길 7,02-543-2198,37.51676351,127.0378128,강남구
청실식당,서울 강남구 남부순환로 2917,02-568-3692,37.4931667,127.0591649,강남구
명품삼겹살점문점,서울 송파구 백제고분로32길 3,419-2550,37.50202952,127.0952918,송파구
미각,서울 영등포구 가마산로90길 4,02-822-5822,37.50381569,126.9209631,영등포구
한보식당,서울 강남구 남부순환로 2921,02-562-0276,37.49349436,127.059773,강남구
대치동영지,서울 강남구 삼성로 212,02-565-1114,37.49961577,127.0659154,강남구
지우정,서울 강북구 삼각산로 130,900-9333,37.64082731,127.0186592,강북구
오복냉면,서울 강남구 선릉로76길 21,02-501-6288,37.50185209,127.0521767,강남구
미러칼국수,서울 강남구 삼성로 212,02-501-8748,37.49961577,127.0659154,강남구
방이맛집,서울 송파구 오금로11길 63-9,416-5567,37.51522785,127.114319,송파구
모아분식,서울 강동구 천호대로191길 6,02-484-7785,37.5353921,127.1444867,강동구
정하람남도팥칼국수,서울 송파구 삼전로 90,415-2334,37.50631653,127.0900953,송파구
풍년숯불갈비,서울 용산구 새창로 130,719-6530,37.53594341,126.9610888,용산구
삼삼뚝배기,서울 종로구 동숭길 51,765-4683,37.58055641,127.0041907,종로구
국수회관,서울 관악구 신림로 277,없음,37.4792616,126.9310023,관악구
알뜰정육식당,서울 도봉구 도봉로169나길 71,954-1191,37.67642559,127.0437226,도봉구
맛고을갈비찜,서울 동대문구 경동시장로10길 57,960-1717,37.58142822,127.043916,동대문구
청운숯불갈비,서울 용산구 청파로 383-8,711-2625,37.55415625,126.9684844,용산구
솔잎식당,서울 마포구 마포대로4길 46,717-2044,37.53768227,126.9466032,마포구
금복식당,서울 동대문구 안암로20길 16,923-7844,37.58736703,127.0350148,동대문구
먹고갈래지고갈래,서울 종로구 수표로 117,3673-1239,37.5717755,126.988906,종로구
소달구지,서울 중구 퇴계로4길 28,02-755-1585,37.55746243,126.9788585,중구
오케이식당,서울 동대문구 장한로18길 36,2213-3671,37.56752647,127.0710217,동대문구
일억조분식,서울 구로구 가마산로26길 11,02-869-8454,37.49568725,126.891249,구로구
산골녹차냉면,서울 용산구 효창원로 147,716-1988,37.54128506,126.9618529,용산구
홍두깨손칼국수,서울 성북구 보문로40길 5,953-5595,37.59173817,127.0138025,성북구
영동원삼겹살,서울 강남구 강남대로 520,02-541-5090,37.50867738,127.023051,강남구
다솜한식전문,서울 영등포구 가마산로 338,02-845-3212,37.49923507,126.8970027,영등포구
육판장,서울 강남구 삼성로 155,02-564-6254,37.4938814,127.0629519,강남구
양철집,서울 강남구 언주로153길 16,02-542-6689,37.52275026,127.0318786,강남구
김밥천국,서울 구로구 구로동로 119-2,02-862-6625,37.48929795,126.8841435,구로구
돈구워돈,서울 송파구 오금로 532,401-6363,37.49275511,127.1479001,송파구
향나무집,서울 강남구 봉은사로111길 7,02-511-3061,37.51576074,127.0651908,강남구
지리산,서울 강남구 학동로43길 7,02-546-3127,37.51658323,127.0372078,강남구
함흥식당,서울 서초구 마방로10길 54-2,02-577-7900,37.47536582,127.0448619,서초구
청숫골보리밥쌈밥,서울 강남구 삼성로 706,02-3443-4402,37.51934248,127.050302,강남구
두꺼비,서울 강남구 역삼로 421,02-445-8742,37.5014665,127.0530851,강남구
왕가네왕만두,서울 강남구 역삼로 420,02-555-0208,37.50099428,127.0528847,강남구
대승식당,서울 강서구 강서로74길 40,02-2658-5646,37.56683583,126.8430863,강서구
화로가,서울 용산구 한강대로39길 5,798-8480,37.53053018,126.9685964,용산구
한아름분식,서울 광진구 군자로 159,469-2535,37.55528157,127.0766351,광진구
제일식당,서울 강남구 남부순환로 2921,02-568-9367,37.49349436,127.059773,강남구
토종집,서울 강북구 인수봉로19나길 32,981-3104,37.6271489,127.0107277,강북구
진국설렁탕,서울 영등포구 당산로46길 1,02-2672-1666,37.53406501,126.9026765,영등포구
할범탕수육,서울 양천구 목동중앙북로 15,2652-0883,37.54853228,126.8653563,양천구
놀부만두,서울 동대문구 망우로16길 15,2241-7550,37.58935254,127.0614879,동대문구
명동분식,서울 중랑구 면목로37길 13,02-437-0845,37.57897098,127.0855798,중랑구
새마을,서울 마포구 동교로9길 51,0,37.55590302,126.909176,마포구
전주비빔밥,서울 강남구 봉은사로 524,02-2016-5280,37.5129437,127.0571142,강남구
처갓집,서울 강남구 양재대로 339,02-573-6317,37.4723696,127.0517062,강남구
트윈쿡,서울 강남구 영동대로 513,02-6002-3225,37.51182391,127.059159,강남구
유미식당,서울 영등포구 시흥대로 611,02-844-7953,37.48717922,126.9044822,영등포구
원조정가네매운갈비찜,서울 관악구 남부순환로216길 8,883-0250,37.48114624,126.9488978,관악구
삼미식당,서울 영등포구 영등포로5길 14-2,02-2068-8428,37.52384746,126.8846475,영등포구
얼레리꼴레리,서울 중랑구 양원역로 61,493-4612,37.60568884,127.1059657,중랑구
웰빙 콩나물,서울 중랑구 망우로62길 33,2209-6623,37.59772896,127.097923,중랑구
고향집,서울 마포구 포은로8길 28,322-8762,37.55653255,126.9063062,마포구
정가네 홍두깨 손칼국수,서울 중랑구 망우로62길 61,02-491-8457,37.59665277,127.0989575,중랑구
한우정육점식당,서울 강남구 일원로5길 24,02-445-6633,37.49132514,127.0826982,강남구
효성마루,서울 마포구 마포대로7길 15,716-3683,37.54693235,126.9519771,마포구
광양불고기,서울 중랑구 망우로71길 31,02-492-1934,37.60177267,127.102003,중랑구
풍년갈비,서울 서대문구 통일로 495,3216-1903,37.59204393,126.9408723,서대문구
미각,서울 서초구 반포대로28길 8,02-585-9095,37.49022712,127.0091263,서초구
토속칼국수,서울 강동구 양재대로113길 8,02-472-2293,37.53809225,127.1395121,강동구
노숙자아구샤브샤브,서울 강남구 개포로22길 13,02-577-5017,37.47808654,127.0482133,강남구
옛날막고기집,서울 용산구 한강대로 125-2,794-1488,37.53099834,126.9692891,용산구
밀밭 손 칼국수,서울 성북구 보문로 156-3,953-8894,37.58884112,127.0172183,성북구
꾸어구어,서울 송파구 마천로 293,449-9295,37.49649832,127.1489179,송파구
가득드림,서울 강남구 영동대로 513,02-551-8288,37.51182391,127.059159,강남구
어메칼국수,서울 관악구 관악로 154-6,874-9878,37.47884165,126.9528401,관악구
아마자께,서울 동대문구 천장산로7길 16,0,37.59850149,127.0569804,동대문구
백곰집,서울 강북구 삼양로 663,02-900-5130,37.66206263,127.0129016,강북구
고기마을호수,서울 금천구 벚꽃로 73,895-0134,37.4629086,126.8904233,금천구
콩각시,서울 서대문구 연세로7안길 5,02-325-2775,37.55793255,126.9361995,서대문구
동남숯불생구이,서울 금천구 독산로 247,854-9049,37.4689867,126.9020874,금천구
두메산골,서울 성북구 보문로36길 16,02) 921-3455,37.5909128,127.0150193,성북구
명동손칼국수,서울 양천구 목동중앙북로6길 4,2644-3999,37.54825897,126.8650096,양천구
낭주골,서울 영등포구 영등포로 190,02-2633-7460,37.52012652,126.9024651,영등포구
고향김밥,서울 중랑구 겸재로 226-3,02-492-0013,37.58938645,127.0929721,중랑구
듬배골,서울 금천구 독산로10길 38,803-8411,37.45006941,126.9080372,금천구
서담,서울 금천구 시흥대로52길 6,805-3151,37.45171615,126.9028012,금천구
고시칼국수,서울 관악구 신림로18가길 42,070-7803-0001,37.47243683,126.934353,관악구
전주콩나물국밥,서울 금천구 시흥대로62길 7,893-1264,37.45524648,126.900939,금천구
세종하늘마루,서울 광진구 군자로 153,497-5540,37.55498405,127.0760893,광진구
동대문곱창전문,서울 강남구 논현로8길 11,02-571-1250,37.47400394,127.0498194,강남구
홍천화로숯불갈비,서울 광진구 천호대로110길 27,454-9285,37.55596156,127.0797546,광진구
춘향고을,서울 송파구 올림픽로32길 5,3431-1433,37.51558838,127.109036,송파구
성원식당,서울 광진구 천호대로 666,453-5939,37.55135719,127.089313,광진구
김밥분식,서울 관악구 관악로24길 47-1,889-5230,37.48502064,126.9567356,관악구
장수촌,서울 송파구 바람드리길 13,473-0609,37.53810566,127.1173256,송파구
황금돼지갈비,서울 중랑구 면목로 404,2207-3722,37.5880114,127.0878576,중랑구
꾸워,서울 은평구 은평로 34,02-374-3004,37.59804449,126.9117856,은평구
착한깡통,서울 송파구 마천로41길 33,070-7527-8215,37.49705613,127.1511946,송파구
옛날칼국수,서울 강서구 강서로18길 8-14,0,37.53310433,126.8464804,강서구
숙아채콩나물국밥역삼1호점,서울 강남구 도곡로7길 25,02-554-7490,37.49222937,127.0340829,강남구
모퉁이식당,서울 송파구 오금로59길 2,443-1326,37.49362875,127.1440164,송파구
진부령황태해장국,서울 용산구 대사관로24길 15,790-9950,37.53291821,127.0049906,용산구
함흥냉면 명가,서울 강서구 화곡로50길 22,02-2691-2230,37.54919555,126.8490752,강서구
탐라도야지,서울 서초구 서초대로50길 82,02-521-3337,37.48959508,127.0135612,서초구
허브족발,서울 성북구 오패산로4길 41,912-7008,37.6042354,127.0401087,성북구
바지락칼국수,서울 강남구 개포로17길 3-10,02-529-5317,37.47889649,127.0456391,강남구
누이야식당,서울 강남구 논현로4길 14,02-575-4984,37.47265319,127.0513972,강남구
신 쿡(cook),서울 중랑구 중랑천로10길 39,02-439-2012,37.59212628,127.0751278,중랑구
숙아채 콩나물국밥(개포),서울 강남구 개포로20길 17,02-571-4441,37.47775612,127.0478336,강남구
명가손칼국수,서울 강동구 풍성로54길 44,02-547-4495,37.52765123,127.133075,강동구
이삭홍두깨칼국수,서울 광진구 동일로72길 51,464-8457,37.56534504,127.0804683,광진구
한솔 민물장어,서울 서대문구 증가로23나길 32,309-8264,37.58057783,126.9123599,서대문구
착한메밀,서울 노원구 상계로 111,02-936-2819,37.65754268,127.0670831,노원구
용갈비,서울 구로구 구로동로 96-4,02-869-2442,37.48749113,126.8853179,구로구
기덕이네생고기집,서울 광진구 뚝섬로58길 26,444-8597,37.53078407,127.0846193,광진구
소야지,서울 광진구 능동로36길 24,446-7645,37.55585972,127.0804521,광진구
박가네생고기전문점,서울 강북구 덕릉로28길 63,982-2929,37.63192588,127.0248436,강북구
조은김밥,서울 송파구 백제고분로17길 43,3431-7522,37.50946687,127.0852726,송파구
형제갈비,서울 구로구 구로동로18길 20-6,02-868-1354,37.48774843,126.8854723,구로구
홍제동잔치집,서울 서대문구 통일로 428-1,720-8833,37.58763103,126.9458975,서대문구
다인,서울 강동구 양재대로147길 7,02-428-2824,37.55217418,127.1435348,강동구
순대국밥,서울 강남구 도곡로 516,02-539-5163,37.49918128,127.0629879,강남구
문가네식당,서울 강서구 화곡로61길 64,02-3661-0094,37.557996,126.8489031,강서구
가로수길칼국수,서울 강남구 압구정로2길 46,02-512-6474,37.51876726,127.0206916,강남구
이삭칼국수,서울 서대문구 증가로 101,3152-8882,37.57608444,126.9255504,서대문구
은혜식당,서울 동작구 사당로9가길 55,592-8007,37.48690798,126.9683943,동작구
시골애 청국장,서울 강남구 개포로 638,02-3411-1041,37.49435095,127.0823803,강남구
서울밥집 봉천점,서울 관악구 봉천동 927-18,-,37.4817581,126.9425903,관악구
호돈구이,서울 도봉구 방학로2길 32,,37.66438973,127.0410509,도봉구
한벽루 전주콩나물국밥,서울 강남구 개포로 648,02-445-1041,37.49477999,127.0836899,강남구
우리식당,서울 강서구 강서로5나길 144-8,02-2698-7026,37.52860007,126.8400512,강서구
수유시골집,서울 강북구 도봉로 328,990-4343,37.63712773,127.0251913,강북구
맛찬,서울 강남구 개포로 615,02-459-8478,37.49265817,127.0755849,강남구
명물갈비,서울 서대문구 명물길 43-3,02-392-1239,37.55879637,126.9384856,서대문구
엄마손집밥,서울 광진구 자양번영로 13,2201-4911,37.53087433,127.0747768,광진구
맛있는 국수집,서울 강남구 개포로 652,02-431-0045,37.49490821,127.0840571,강남구
다  담,서울 금천구 디지털로9길 68,02-521-4755,37.48107584,126.8864183,금천구
옥천골,서울 관악구 청룡7길 41,02-877-8292,37.47972494,126.9483844,관악구
가산순대국,서울 금천구 가산로 147-7,02-830-7514,37.47801573,126.8904093,금천구
서평기사식당,서울 강남구 개포로 646,02-2226-1005,37.49471903,127.0834988,강남구
곰닭,서울 서대문구 홍은중앙로 116-1,02-6406-9291,37.60088768,126.9491539,서대문구
예자네밥상,서울 강남구 테헤란로114길 30,02-553-4675,37.50779999,127.0669973,강남구
우정식당,서울 동작구 노량진로8길 39,821-8156,37.51259481,126.9375112,동작구
무릉도원,서울 구로구 구로동로28길 64-12,02-857-2111,37.490346,126.887695,구로구
포스트푸드,서울 금천구 디지털로9길 68,02-2624-3939,37.48107584,126.8864183,금천구
오늘김밥,서울 성북구 보문로 157-1,02-925-8558,37.58859755,127.0167867,성북구
고기굽는마을,서울 금천구 벚꽃로38길 32-29,02-868-0390,37.48237774,126.8849538,금천구
투가리,서울 관악구 봉천로 595-1,없음,37.47645052,126.9637058,관악구
생생칼국수,서울 광진구 군자로 104,2039-7878,37.55226439,127.071623,광진구
돈장군,서울 노원구 광운로 69,941-8276,37.62348728,127.0600483,노원구
이모네식당,서울 관악구 봉천로 575-1,02-872-1233,37.47735726,126.9615987,관악구
국민우동집,서울 강남구 테헤란로4길 38,02-555-5849,37.49601505,127.0304104,강남구
다이천 마떡,서울 노원구 석계로 106,02-976-4841,37.62315877,127.0604122,노원구
여자만 아구찜,서울 노원구 석계로18길 10-8,941-8276,37.62351037,127.0608657,노원구
서울밥집,서울 관악구 관천로 36-1,02-,37.48319425,126.9275708,관악구
얼큰순대국,서울 금천구 범안로 1201,02-809-8550,37.46678554,126.8952702,금천구
내고향 나주곰탕,서울 동작구 사당로 183,3476-2999,37.48601807,126.9691465,동작구
장충동한방왕족발,서울 중구 퇴계로85길 6-2,02-2231-0242,37.56605547,127.0198235,중구
뚱뚱이 밥상,서울 노원구 동일로 1548,931-6493,37.6666666,127.0576261,노원구
진차돌,서울 종로구 종로35길 39,02-745-2516,37.57294113,127.003695,종로구
속초맛집,서울 동대문구 제기로 86,963-3036,37.58655589,127.0426248,동대문구
삼동숯불갈비,서울 구로구 디지털로27길 69,02-852-7615,37.48398591,126.8901208,구로구
생삼이네,서울 서대문구 통일로37길 38,02-6337-8621,37.58657197,126.9438996,서대문구
빈대떡마을,서울 마포구 망원로 97,02-325-0843,37.55810647,126.907522,마포구
어가네,서울 서대문구 모래내로 377-1,02-379-5612,37.58301197,126.9376204,서대문구
홍은나루터,서울 서대문구 연희로 261-10,02-315-3081,37.58031208,126.9356633,서대문구
미라클센터,서울 송파구 송이로17길 54-28,02-443-3295,37.50084201,127.1263027,송파구
미라클센터,서울 송파구 송이로17길 54-28,02-443-3295,37.50084201,127.1263027,송파구
미라클센터,서울 송파구 송이로17길 54-28,02-443-3295,37.50084201,127.1263027,송파구
어머니찌개,서울 도봉구 도봉로152길 16,956-8312,37.66909403,127.0447525,도봉구
엄마와꿀꽈배기,서울 도봉구 해등로16길 26,,37.65562906,127.0414879,도봉구
멸치국수,서울 도봉구 해등로16길 12,994-8233,37.65623484,127.0405729,도봉구
김가네국수집,서울 도봉구 도봉로153길 51,955-1357,37.66986537,127.0404814,도봉구
홍두깨손칼국수,서울 도봉구 도봉산4가길 14,3494-0282,37.68821288,127.0413065,도봉구
온누리식당,서울 도봉구 도봉로159길 11-16,955-6652,37.6739831,127.0430572,도봉구
보배네능이백숙,서울 도봉구 시루봉로 295-1,954-6300,37.6714066,127.0419673,도봉구
박리김밥,서울 도봉구 덕릉로57길 22,907-7002,37.63968688,127.037447,도봉구
씨티스퀘어,서울 중구 서소문로 124,1111-1111,37.5631062,126.9752236,중구
엉터리돼지갈비,서울 서대문구 포방터길 71,02-379-1583,37.59990795,126.949373,서대문구
우사랑돈사랑 정육식당,서울 관악구 호암로22길 15,02-883-5081,37.46905356,126.9335906,관악구
맛조탕,서울 관악구 은천로 119,02-871-1711,37.48688919,126.9485098,관악구
남원 추어탕,서울 동작구 동작대로15길 15,522-6243,37.48219342,126.9807826,동작구
연희동 할머니네,서울 마포구 성미산로 100,02-322-8258,37.56143142,126.9185246,마포구
우리가참순대,서울 관악구 관악로 148,02-883-1063,37.47845709,126.9525843,관악구
태성순대국,서울 노원구 화랑로43길 18,02-912-6819,37.61435566,127.0623317,노원구
은행나무갈매기,서울 금천구 금하로 678,02-894-8999,37.45233587,126.9055896,금천구
반색식당,서울 강남구 선릉로6길 19,00-000-0000,37.48327055,127.0623592,강남구
남도전통순대명가,서울 중구 마른내로 121-1,02-2277-4115,37.56469941,127.0015615,중구
풍년갈비,서울 마포구 동교로 264,02-322-5818,37.56304998,126.9253677,마포구
서희네,서울 강남구 개포로22길 41,070-8151-7281,37.47660781,127.0497151,강남구
마니아우동,서울 광진구 긴고랑로 25,02-465-2587,37.56353168,127.0792966,광진구
능라도분식,서울 광진구 천호대로110길 50,02-455-0322,37.55514571,127.0790749,광진구
포천이동갈비촌,서울 관악구 신원로 40-12,02-884-7109,37.4816295,126.9293978,관악구
코코스 중앙식당,서울 동작구 흑석로 24,822-9260,37.50485786,126.9532443,동작구
금옥이네,서울 동작구 노량진로6길 18,816-3007,37.51227661,126.9357283,동작구
사당골,서울 동작구 사당로10길 97,523-0274,37.48203623,126.9670717,동작구
풍미원,서울 동작구 사당로 253-4,594-4579,37.48375023,126.9761367,동작구
맛구이촌,서울 동작구 흑석로8길 5,823-6068,37.50690901,126.9596401,동작구
대가설렁탕,서울 동작구 상도로 117,813-1211,37.50136437,126.9329935,동작구
궁중순대보쌈,서울 동작구 등용로14길 60,812-0262,37.51224548,126.9348316,동작구
냠냠분식,서울 마포구 모래내로7길 89,,37.56827049,126.9082967,마포구
누이네,서울 강남구 압구정로2길 46,02-545-5195,37.51876726,127.0206916,강남구
성상등갈비,서울 동작구 신대방길 108,848-1151,37.49036279,126.9085146,동작구
밥리버거 앤 치킨호프,서울 강남구 언주로 405,02-552-0388,37.49918512,127.0439503,강남구
전라도 시래기국밥,서울 동작구 여의대방로24길 97,821-5202,37.49901236,126.9254358,동작구
추억순대국전문점,서울 관악구 신림로26길 11,02)877-3885,37.47306109,126.9342573,관악구
보물쌈,서울 동작구 상도로 296-2,814-2151,37.50117655,126.9489461,동작구
월드맛집,서울 강남구 논현로151길 26,02-516-7892,37.5199202,127.0260684,강남구
삼호정,서울 동작구 여의대방로24길 50,825-6023,37.49794689,126.9230071,동작구
다독이네 숯불갈비,서울 동작구 노량진로 106-5,6101-9299,37.51295932,126.9377939,동작구
현미식당,서울 구로구 구로중앙로 17,02-838-6088,37.49158686,126.8915466,구로구
생오리 회전 숯불구이 왕갈비탕,서울 동작구 사당로14가길 8,525-4491,37.48408987,126.9718634,동작구
돌쇠와 석쇠,서울 동작구 솔밭로 110,588-1005,37.48570243,126.9687168,동작구
엄마손김밥,서울 동작구 등용로14길 81,817-0779,37.51274912,126.9357809,동작구
화풍정,서울 동작구 상도로 102,814-3392,37.4999427,126.9317763,동작구
우리 콩사랑,서울 동작구 신대방2길 3,846-8116,37.4879195,126.9126513,동작구
남원집,서울 동작구 여의대방로24가길 8,835-7066,37.49856729,126.9210427,동작구
골드헤어&#49406;,서울 구로구 구로동로42길 54-6,,37.49782907,126.8843585,구로구
대영식당,서울 강남구 강남대로62길 30,02-566-1373,37.49074947,127.0340431,강남구
대풍참숯갈비,서울 강남구 논현로76길 8,02-564-6563,37.49683944,127.0396159,강남구
궁중참순대,서울 동작구 보라매로5길 15,3284-3288,37.49217586,126.9242713,동작구
노다지,서울 강남구 개포로30길 6,02-573-1008,37.47862998,127.0496316,강남구
돈먹고돈내고,서울 강남구 언주로114길 5,02-514-1276,37.50993138,127.0380661,강남구
보글보글 지글지글,서울 관악구 난우길 47,02-3281-8253,37.47683169,126.9168997,관악구
시민식당,서울 관악구 남부순환로 1869,02-872-1990,37.4798287,126.9575645,관악구
신의주찹쌀순대감자탕,서울 강남구 테헤란로27길 22,02-508-0799,37.50292148,127.0377516,강남구
조정현갈비탕,서울 서대문구 명물길 43-3,312-5408,37.55879637,126.9384856,서대문구
밀가칼국수,서울 강남구 영동대로106길 33,02-566-5805,37.51416498,127.0638512,강남구
임가네민속집,서울 강남구 논현로79길 7,02-556-1015,37.49756856,127.0376245,강남구
소담,서울 강남구 개포로 615,02-3414-0010,37.49265817,127.0755849,강남구
선우동가게,서울 강남구 남부순환로359길 10,02-572-8887,37.48571498,127.0368072,강남구
웰빙뚝배기,서울 마포구 동교로12길 21,02-982-0652,37.55346487,126.9126921,마포구
역삼정,서울 강남구 역삼로19길 31,02-539-7107,37.49726406,127.0374989,강남구
홍두깨손칼국수,서울 금천구 독산로39길 11,02-892-2060,37.45891661,126.9045948,금천구
고향한식부페,서울 강남구 논현로72길 20,02-3452-8050,37.49580267,127.0411646,강남구
돼지물고기,서울 도봉구 해등로16길 1,906-8727,37.65653774,127.0405996,도봉구
낙원식당,서울 서대문구 응암로 141,303-2088,37.58496234,126.9147088,서대문구
속초집,서울 중구 퇴계로6길 3-6,02-775-2226,37.55784216,126.9786364,중구
화순식당,서울 서대문구 증가로24마길 47,376-2062,37.58280626,126.9190546,서대문구
대명꼬기,서울 서대문구 명물길 27-15,02-362-1468,37.55876047,126.938056,서대문구
소문난냉면,서울 서대문구 거북골로 210,373-7673,37.57907175,126.9081215,서대문구
칼집삼겹살,서울 서대문구 통일로39가길 12,394-9007,37.58879573,126.9433722,서대문구
북한강민물고기매운탕,서울 노원구 동일로192길 30,948-5355,37.62618587,127.074788,노원구
돈우가식당,서울 중구 남대문로 25-17,02-3789-1313,37.56203063,126.9781681,중구
황가솥뚜껑삼겹살,서울 강남구 논현로30길 36,02-578-9043,37.48444728,127.044596,강남구
보광식당,서울 광진구 아차산로 341,456-3707,37.53740913,127.0807546,광진구
종로한정식,서울 광진구 아차산로40길 8,457-2411,37.53726391,127.0784583,광진구
전성시대,서울 서대문구 응암로 69,070-8289-8573,37.5794025,126.9107022,서대문구
더스푼,서울 강남구 역삼로 517,02-567-9889,37.50366973,127.0598721,강남구
손칼국수&손만두,서울 강남구 광평로56길 11,02-445-1585,37.48797881,127.1056307,강남구
망원시장손칼국수,서울 마포구 망원로8길 29,02-6012-7139,37.55618385,126.9062886,마포구
장수보리밥,서울 중구 퇴계로85길 12-4,02-2252-2808,37.56627801,127.0198582,중구
우리집 맛자랑,서울 중구 퇴계로20길 26,02-319-8939,37.5590923,126.9858164,중구
삼거리식당,서울 구로구 구로동로38길 15,02-862-9873,37.49493393,126.8836917,구로구
가정식당,서울 강남구 학동로77길 20,02-514-8009,37.51999206,127.0488903,강남구
조여사네집,서울 금천구 벚꽃로 130,02-859-7418,37.46681426,126.8896007,금천구
보현식당,서울 광진구 뚝섬로34길 9,458-5784,37.53414321,127.0706028,광진구
박리분식,서울 금천구 가산로 126,02-857-4009,37.47678551,126.8923903,금천구
남원수창골추어탕,서울 마포구 망원로11길 3,02-322-3230,37.55808516,126.9072361,마포구
진미식당,서울 금천구 가산로3길 25,02-869-7774,37.47215084,126.8942187,금천구
산들바다 생고기,서울 금천구 금하로 613,02-808-6919,37.45456342,126.8994368,금천구
자매생고기,서울 광진구 자양로15길 96,02-456-2737,37.53477567,127.0783768,광진구
아이리스 분식,서울 동작구 상도로15길 98,827-0288,37.50427475,126.936168,동작구
낙지랑 갈비랑,서울 동작구 양녕로25길 2-4,825-5700,37.49871651,126.9433457,동작구
영동우동,서울 강남구 도곡로7길 28,02-555-6858,37.49257103,127.0343813,강남구
행운식당,서울 강남구 선릉로 328,02-561-4260,37.49903314,127.0518992,강남구
두부마을,서울 강북구 오현로31길 109,988-8464,37.63231038,127.035259,강북구
강남본돼지갈비,서울 강남구 개포로22길 27,02-575-3792,37.47733721,127.0490041,강남구
송림기사식당,서울 서대문구 모래내로 209,308-2317,37.57352316,126.9228507,서대문구
신림국수,서울 관악구 신림동7길 51,02-883-9242,37.48485532,126.926926,관악구
엄마손밥상,서울 서대문구 응암로1길 9-1,302-3486,37.58112813,126.9111191,서대문구
맛순이순대국감자탕,서울 금천구 가산로5길 72,02-861-0758,37.47377407,126.8907235,금천구
진미한분식,서울 금천구 가산로3길 22,02-854-7153,37.47237531,126.8943549,금천구
복지로분식,서울 중구 동호로11길 40,02-2234-2525,37.55350366,127.0088877,중구
형제정육식당,서울 중구 다산로40길 56,02-2235-9902,37.56318646,127.0190758,중구
진미 순대국 감자탕,서울 동작구 사당로17나길 2,김용산,37.4840112,126.973326,동작구
지리산 생고기,서울 강남구 밤고개로1길 10,02-2040-6776,37.48802449,127.1018445,강남구
참치킹,서울 금천구 벚꽃로 298,02-2083-8885,37.48144017,126.8838717,금천구
만세한식부페본점,서울 금천구 가산로3길 77,02-808-7862,37.47216209,126.8914267,금천구
명동분식,서울 도봉구 도당로13가길 6,3493-6553,37.66548279,127.0358217,도봉구
남원추어탕,서울 도봉구 해등로 83,902-0056,37.65102724,127.0413835,도봉구
양구식당,서울 강남구 논현로151길 26,02-548-5848,37.5199202,127.0260684,강남구
신토불이 정육식당,서울 강남구 남부순환로 2629,02-3462-4635,37.48532224,127.0373584,강남구
강남제비,서울 강남구 테헤란로25길 20,02-2192-3599,37.501631,127.0356518,강남구
노들나루 밥상,서울 동작구 만양로18길 19-3,815-1409,37.51331739,126.9454577,동작구
국수뜨락,서울 구로구 구로중앙로 43,02-862-9868,37.49359148,126.8898517,구로구
배꼽시계,서울 동작구 동작대로7길 80,522-4234,37.477874,126.9783008,동작구
만족숯불갈비,서울 종로구 종로53길 7-2,02-765-1298,37.57295286,127.0134013,종로구
흑돈연가,서울 중구 퇴계로90길 26,02-2234-7854,37.56424879,127.0218618,중구
이고시다,서울 동작구 여의대방로22길 98,821-7007,37.49776114,126.9254515,동작구
행복한밥상,서울 강남구 테헤란로 310,02-555-7935,37.50285156,127.0447509,강남구
향기가득한 인생감자탕,서울 동작구 상도로 319,824-5780,37.49965566,126.9510769,동작구
통삼겹구이 5900,서울 동작구 보라매로 93,826-9285,37.4977976,126.9277143,동작구
부부식당,서울 강남구 삼성로 343,02-563-9241,37.50211169,127.0588287,강남구
진달래시래기,서울 중구 퇴계로12길 60,02-752-1208,37.55710895,126.9814052,중구
꼼이네,서울 금천구 디지털로12길 21,02-830-7261,37.47774088,126.8898764,금천구
싸리골,서울 구로구 구로중앙로22길 7,02-862-1323,37.49666455,126.8881315,구로구
유정쌈밥,서울 동작구 서달로13길 5-14,816-0338,37.5079858,126.9620695,동작구
단비분식,서울 동작구 흑석로9길 13,817-8852,37.50766974,126.9593923,동작구
청와면옥함흥냉면,서울 서대문구 응암로 94,309-8395,37.58115859,126.9125697,서대문구
불암골 맛있는 집,서울 노원구 중계로16가길 17,932-9988,37.65085255,127.0821556,노원구
미소국수,서울 마포구 동교로27길 41,02-326-5403,37.5596861,126.9214608,마포구
사랑의 도시락,서울 강남구 강남대로94길 55,02-557-1733,37.50053399,127.0316607,강남구
도곡한우소머리국밥,서울 강남구 도곡로 172,02-2057-0252,37.49138725,127.0383251,강남구
365일기분좋은날잔치날,서울 강남구 도곡로4길 19,02-6104-7272,37.48899205,127.0340829,강남구
착한생칼국수,서울 관악구 관천로 49,없음,37.48346152,126.9260231,관악구
팔팔한상,서울 강남구 밤고개로1길 10,02-451-1550,37.48802449,127.1018445,강남구
대청마루,서울 중구 퇴계로44길 16,02-2285-2650,37.56122397,126.9970845,중구
원할매이모네닭한마리,서울 강남구 도곡로4길 9,02-3461-8555,37.48941135,127.0335312,강남구
형제해장국,서울 노원구 동일로 1106,02-979-5309,37.62875418,127.0718062,노원구
남도한식-정든님,서울 중구 세종대로14길 22-5,02-775-0038,37.56255563,126.9780718,중구
오가네밥상,서울 강남구 광평로 280,02-3413-0181,37.48731916,127.1031081,강남구
그냥밥집,서울 중구 퇴계로12길 53,02-778-7973,37.55734017,126.9815818,중구
풍경한식,서울 강남구 광평로47길 17,02-3411-0005,37.48790865,127.0981863,강남구
참맛 닭곰탕,서울 마포구 망원로8길 36,336-9945,37.5559256,126.9061423,마포구
정가네촌 감자탕,서울 금천구 독산로 46,02-808-4332,37.45143207,126.9061544,금천구
푸드플러스,서울 금천구 가산디지털1로 119,02-858-4235,37.47606319,126.8829254,금천구
세븐돈가스,서울 중랑구 용마산로 557,02-433-1644,37.60069704,127.1002466,중랑구
의정부 부대찌개,서울 도봉구 덕릉로60길 57,02-998-6977,37.6377455,127.0407985,도봉구
축산정육식당,서울 서대문구 통일로 479,391-9285,37.59076381,126.9416198,서대문구
미도한우마을,서울 강남구 삼성로 38,02-557-3232,37.48868793,127.0668453,강남구
양평해장국,서울 강남구 논현로12길 19-7,02-578-4464,37.47524769,127.0487627,강남구
일일구(119),서울 중구 다산로33길 79-4,02-2236-4229,37.5640048,127.0107983,중구
우리집,서울 구로구 디지털로27길 67,,37.48392342,126.8902599,구로구
이모네손칼국수,서울 강남구 언주로69길 9,02-555-0767,37.49634648,127.0445021,강남구
풍천장어,서울 금천구 시흥대로52길 70,02-802-5525,37.45437594,126.9017137,금천구
짱구네분식,서울 도봉구 시루봉로 148,3491-4366,37.66372427,127.0284883,도봉구
용주골 생고기,서울 동작구 동작대로17길 5,583-5404,37.48256179,126.9810436,동작구
한잎,서울 서대문구 세무서7길 6-2,391-7770,37.59135149,126.9466853,서대문구
엉터리돼지갈비,서울 서대문구 포방터길 71,02-379-1583,37.59990795,126.949373,서대문구
국수집,서울 금천구 금하로25길 18,809-8013,37.45119196,126.9097574,금천구
석화촌,서울 강남구 강남대로 240,02-573-5756,37.48525961,127.0344297,강남구
나주식당,서울 서대문구 연세로 10-1,364-9982,37.55648982,126.9371228,서대문구
민속의집,서울 중구 중림로 11,02-312-0643,37.55913297,126.9648409,중구
만아정육점식당,서울 강남구 광평로56길 11,02-459-9488,37.48797881,127.1056307,강남구
대호식당,서울 금천구 가산로3길 55,02-864-5623,37.47216839,126.8925028,금천구
밥 보다 국시,서울 서대문구 세검정로3길 64,02-391-1279,37.5938417,126.9473921,서대문구
고기마을,서울 강남구 남부순환로 2917,02-501-5254,37.4931667,127.0591649,강남구
자연화로구이,서울 금천구 시흥대로153길 42,02-862-8535,37.47720302,126.8960862,금천구
장수갈비,서울 금천구 시흥대로56길 18,02-805-8284,37.45251398,126.9026715,금천구
홍두깨손칼국수,서울 도봉구 도당로13가길 13,375-2727,37.66587419,127.036073,도봉구
제일정육식당,서울 동대문구 장한로10길 45,02-2242-9925,37.56459996,127.0697862,동대문구
삼겹살데이,서울 서대문구 가좌로 29,324-0301,37.5771968,126.9322764,서대문구
남도맛집,서울 강남구 논현로114길 14,02-546-5737,37.50867799,127.0345765,강남구
신가네참숯민물장어,서울 금천구 시흥대로52길 18,02-802-2999,37.45223479,126.9026027,금천구
금천식당,서울 금천구 시흥대로56길 22,02-809-5530,37.45257187,126.9029426,금천구
남원종가집추어탕,서울 강남구 강남대로48길 8,02-3462-6667,37.48665021,127.0338436,강남구
수자타착한식당,서울 관악구 남부순환로143나길 6,02-865-8836,37.48268909,126.9108744,관악구
다담2900,서울 중랑구 망우로66길 75,02-493-3339,37.59626194,127.0995717,중랑구
명동김치찌개,서울 강동구 성안로3길 91,02-476-8987,37.52736623,127.1249204,강동구
행복한 잔치국수,서울 강남구 광평로 196,02-459-2918,37.48400435,127.0942714,강남구
만두랑,서울 강남구 역삼로19길 29,02-557-9397,37.49710226,127.0374386,강남구
